"conversation_id_str","created_at","favorite_count","full_text","id_str","image_url","in_reply_to_screen_name","lang","location","quote_count","reply_count","retweet_count","tweet_url","user_id_str","username"
"1733853003273388108","Sun Dec 10 23:59:17 +0000 2023","0","@basti_siburian @yusuf_dumdum Makanya banyak2 cari tau tentang paslon nmr 1...jelas2 pak anies bilang 2 putaran sbb di jakarta dlu beliau menang 2 putaran juga....jangan 02 hobi nuduh 01 terus...kemaren yg takut debat 02 eh malah nuduh 01 pula yg merubah debat cawapres didampingi capres hoax melulu 02","1733999860427403747","","basti_siburian","in","","0","0","0","https://twitter.com/sim44237/status/1733999860427403747","1700015354679050240","sim44237"
"1733850839247364526","Sun Dec 10 23:51:19 +0000 2023","0","@AmsirRamlie88 @Tan_Mar3M Ohh yg di DKI itu klo gak salah sihh si Anies menang krn fatwa ahok dari MUI dan peran Habib HRS aja sekarang klo mau menang pilpres minta fatwa aja saya yakin Anies menang 1 putaran mau diulang politikidentitas di DKI?? politik identitas mmg menghalalkan segala cara","1733997855306862815","","AmsirRamlie88","in","","0","0","0","https://twitter.com/sniperruben45/status/1733997855306862815","1703932901912641536","sniperruben45"
"1733850839247364526","Sun Dec 10 23:50:59 +0000 2023","0","@tangtung168 @Tan_Mar3M Ohh yg di DKI itu klo gak salah sihh si Anies menang krn fatwa ahok dari MUI dan peran Habib HRS aja sekarang klo mau menang pilpres minta fatwa aja saya yakin Anies menang 1 putaran mau diulang politikidentitas di DKI?? politik identitas mmg menghalalkan segala cara","1733997773333418152","","tangtung168","in","","0","0","0","https://twitter.com/sniperruben45/status/1733997773333418152","1703932901912641536","sniperruben45"
"1733883415148331156","Sun Dec 10 23:50:11 +0000 2023","0","@tvOneNews pak anies santun anti kritik .. krn memang beliau punya kapasitas dan kualitas sebagai pemimpin bersih dari korupsi dan kasus kasus pidana rekam jejaknya jelas rakyat tahu siapa pak anies","1733997570039710010","","tvOneNews","in","","0","0","0","https://twitter.com/DennyBrata2/status/1733997570039710010","1605326771247026176","DennyBrata2"
"1733834643873698221","Sun Dec 10 23:38:44 +0000 2023","0","@aniesbaswedan Salam A A AMIN saya barisan pertama mendukung Pak Anies dan Cak Imin semoga dilancarkan semua niat baik AMIN Krn kami perlu pemimpin seperti AMIN yukk #AMIN2024 1Ô∏è‚É£üáÆüá©","1733994687252590876","","aniesbaswedan","in","","0","0","0","https://twitter.com/AdianOfel/status/1733994687252590876","1717070620054421504","AdianOfel"
"1733987641350312270","Sun Dec 10 23:38:05 +0000 2023","0","@MardaniAliSera Bagaimana ustadz di daerah saya kulonprogo jogja sebelum deklarasi cak imin jd cawapres anies masih solid utk anies dan kemungkinan besar menang tebal tp setelah cak imin jd cawapres semua lari ke PS Ustadz..mohon attensi stadz","1733994526166159713","","MardaniAliSera","in","Kulonprogo","0","0","0","https://twitter.com/pelita_putera/status/1733994526166159713","1603891549741334529","pelita_putera"
"1733419651508646232","Sun Dec 10 23:35:46 +0000 2023","0","@WahyuSigO76 @HansWibowo15 @neohistoria_id contoh ya..anies bawesdan yg keturunan yaman dng kakek.yg berjuang sbg pahlawan sj sudah dibuli..coba jika keturunan yaman brani mengangkat presiden sendiri..membuat koloni sendiri koar2 kami ada inggris dan lebih patuh keinggris..lalu koar2 bahwa sebagian indonesia hak kami","1733993943296270476","","WahyuSigO76","in","","0","0","0","https://twitter.com/endelz5/status/1733993943296270476","1574280178754211841","endelz5"
"1733778233534169550","Sun Dec 10 23:15:26 +0000 2023","0","@cakimiNOW Bersama Pak Anies Gus Imin majukan hukum dan pendidikan Indonesia","1733988826480275805","","cakimiNOW","in","","0","0","0","https://twitter.com/mecupalicup/status/1733988826480275805","1721452598748938240","mecupalicup"
"1732226016062705956","Sun Dec 10 23:15:17 +0000 2023","0","@Adiprayitno_20 Kewarasan dalam bernegara musti di kembalikan.. Anies R. Baswedan","1733988787431280810","","Adiprayitno_20","in","","0","0","0","https://twitter.com/Hasan1481610/status/1733988787431280810","1716604808340357120","Hasan1481610"
"1733778233534169550","Sun Dec 10 23:15:01 +0000 2023","0","@cakimiNOW Bersama Pak Anies Gus Imin majukan hukum dan pendidikan Indonesia","1733988719932457098","","cakimiNOW","in","","0","0","0","https://twitter.com/youmenahh/status/1733988719932457098","1721445879750836224","youmenahh"
"1733713388507902415","Sun Dec 10 23:14:52 +0000 2023","0","@CNNIndonesia PR buat TimSes Relawan Pendukung dan Simpatisan pak Anies dan Cak Imin untuk menjangkau masyarakat berpendidikan rendah atau yang sempit wawasan nya. Kelompok masyarakat itu jangan sampai menggadaikan masa depan Indonesia 5 - 10 tahun kedepan...","1733988683152560439","","CNNIndonesia","in","","0","0","0","https://twitter.com/damai_ind/status/1733988683152560439","1502779696152412160","damai_ind"
"1733778233534169550","Sun Dec 10 23:14:32 +0000 2023","0","@cakimiNOW Bersama Pak Anies Gus Imin majukan hukum dan pendidikan Indonesia","1733988600591896717","","cakimiNOW","in","","0","0","0","https://twitter.com/mineralieyou/status/1733988600591896717","1721439117702205440","mineralieyou"
"1733778233534169550","Sun Dec 10 23:14:08 +0000 2023","0","@cakimiNOW Bersama Pak Anies Gus Imin majukan hukum dan pendidikan Indonesia","1733988495809806835","","cakimiNOW","in","","0","0","0","https://twitter.com/kassalovanett/status/1733988495809806835","1721437361643638784","kassalovanett"
"1733678714247098647","Sun Dec 10 23:13:42 +0000 2023","0","@tempodotco Anies Baswedan dengan jelas menyuarakan komitmennya untuk mengubah paradigma dan memberikan pesan yang kuat bahwa tidak ada tempat bagi koruptor di pemerintahan yang dipimpinnya","1733988387743551770","","tempodotco","in","Indonesia","0","0","0","https://twitter.com/genggamm/status/1733988387743551770","760864552502321153","genggamm"
"1733778233534169550","Sun Dec 10 23:13:29 +0000 2023","0","@cakimiNOW Bersama Pak Anies Gus Imin majukan hukum dan pendidikan Indonesia","1733988333427245542","","cakimiNOW","in","","0","0","0","https://twitter.com/LupnOp/status/1733988333427245542","1721436540600274945","LupnOp"
"1733678714247098647","Sun Dec 10 23:13:08 +0000 2023","0","@tempodotco Dengan menegaskan dukungannya terhadap RUU Perampasan Aset Anies Baswedan menunjukkan komitmennya untuk menghapus insentif ekonomi dari praktik korupsi","1733988247939019064","","tempodotco","in","Indonesia","0","0","0","https://twitter.com/setelaah/status/1733988247939019064","771820799799861248","setelaah"
"1733987641350312270","Sun Dec 10 23:13:01 +0000 2023","7","@MardaniAliSera jgn biarkan Pak Anies &amp; Cak Imin sendirian Ô∏è buat pendukung AMIN yg blm gabung grup bsa klik link di bio gue ya buat trgabung ke grup tele relawan AMIN dgn brsama akan ada byk yg kita bsa kerjakan mari diskusi &amp; beri aksi nyata menangkan AMIN 1 putaran gas bro klik üáÆüá©","1733988217697996834","","MardaniAliSera","in","","0","1","2","https://twitter.com/Hanajnnh/status/1733988217697996834","1702562692375158784","Hanajnnh"
"1733808887923704076","Sun Dec 10 23:12:52 +0000 2023","1","@Mdy_Asmara1701 TERLAMBAT. Jkw SUDAH ajukan UU perampasan aset koruptor ke DPR. Jadi hrsnya anies dan imin itu nyaleg bukan nyapres. Krn masalahnya ada di DPR bukan di Presiden. Think","1733988178502263177","","Mdy_Asmara1701","in","Yogyakarta","0","0","0","https://twitter.com/BuBandi/status/1733988178502263177","1400467010","BuBandi"
"1733678714247098647","Sun Dec 10 23:11:46 +0000 2023","0","@tempodotco Anies Baswedan memberikan sorotan penting terhadap urgensi pemulihan kepercayaan publik terhadap pemerintah dengan menanggulangi kasus korupsi yang terus terjadi.","1733987902957470181","","tempodotco","in","Indonesia","0","0","0","https://twitter.com/tangissan/status/1733987902957470181","761331046260539392","tangissan"
"1733985695092642046","Sun Dec 10 23:11:41 +0000 2023","1","@BosPurwa jgn biarkan Pak Anies &amp; Cak Imin sendirian Ô∏è buat pendukung AMIN yg blm gabung grup bsa klik link di bio gue ya buat trgabung ke grup tele relawan AMIN dgn brsama akan ada byk yg kita bsa kerjakan mari diskusi &amp; beri aksi nyata menangkan AMIN 1 putaran gas bro klik üáÆüá©","1733987882883523030","","BosPurwa","in","","0","0","0","https://twitter.com/Hanajnnh/status/1733987882883523030","1702562692375158784","Hanajnnh"
"1733378575167066606","Sun Dec 10 23:11:23 +0000 2023","0","@Garanganalim77 @RidNgemil Tonton atau baca segala sesuatu sampai habis baru comment. Be smart. Pak Anies dan cak Imin adl sosok yg cerdas. Yuk jadi pendukung yg cerdas tidak mudah terprovokasi tidak mudah tersulut emosi dan santun yuk #AminPalingSiapUntukIndonesia","1733987807411257672","","Garanganalim77","in","","0","0","0","https://twitter.com/Raeraraera/status/1733987807411257672","1617060345528610816","Raeraraera"
"1733678714247098647","Sun Dec 10 23:11:05 +0000 2023","0","@tempodotco Pernyataan Anies Baswedan menunjukkan keseriusannya dalam memajukan integritas dan kejujuran sebagai nilai utama dalam kepemimpinan.","1733987732178047380","","tempodotco","in","Indonesia","0","0","0","https://twitter.com/diperuntukkan/status/1733987732178047380","758830013005246464","diperuntukkan"
"1733680751022129467","Sun Dec 10 23:05:02 +0000 2023","0","@FatahillahZabi @rafif_hanif @DokterTifa Liat backgroud pendidikannya. Ala barat Anies itu SEKULER dan neolib mmg itu ilmu yg dipejarinya. Liat aja anaknya aja dibebasin gak berjilbab gagal didik anak","1733986209289130360","","FatahillahZabi","in","Yogyakarta","0","0","0","https://twitter.com/BuBandi/status/1733986209289130360","1400467010","BuBandi"
"1733649497845309503","Sun Dec 10 22:56:33 +0000 2023","0","@indikatorcoid Lembaga survey itu buat di konsumsi orang pedesaan yang minim informasi. Bertujuan tidak lain utk menggiring opini. Jadi kalo msh percaya survey itu mendowngrade kecerdasan agar berpikir ndeso. Kita justru mengkhawatirkan masa depan lembaga survey itu sendiri - Anies Baswedan","1733984070923956321","","indikatorcoid","in","","0","0","0","https://twitter.com/AaweRaja/status/1733984070923956321","1604198344032944128","AaweRaja"
"1733807411562262963","Sun Dec 10 22:42:29 +0000 2023","0","@tvOneNews Tetap saja Anies Masi di cap BAPAK POLITIK IDENTITAS ngak garuhhhh","1733980531694698870","","tvOneNews","in","","0","0","0","https://twitter.com/taniaanapa98672/status/1733980531694698870","1726591661009199104","taniaanapa98672"
"1733619426828943541","Sun Dec 10 22:36:09 +0000 2023","0","@mochamadarip Gak masalah. Pemilu adl konsensus bukan hasil survey. Yg penting peran Anies Baswedan MENCERDASKAN BANGSA memikat anak-anak muda berpikir kritis dan lurus berdemokrasi. Mulai dari prioritas anggaran peduli rakyat kecil menciptakan keadilan &amp; kreatif. #AMINSatukanIndonesia","1733978938215678219","","tailkoxyz","in","","0","0","0","https://twitter.com/DzakwanFirst/status/1733978938215678219","1310584490","DzakwanFirst"
"1733713244236488945","Sun Dec 10 22:16:46 +0000 2023","0","@soeyoto1 Tonton full dulu. Malah kubu 02 yg akar rumput pindah ke Anies Baswedan","1733974060688961716","","soeyoto1","in","","0","0","0","https://twitter.com/widi_wcp/status/1733974060688961716","1722573020911562752","widi_wcp"
"1733405469459599569","Sun Dec 10 21:52:39 +0000 2023","0","@duymps @Ryuzicz @ARSIPAJA Sepertinya sih gitu kalah dengan Anies Baswedan doi di Sumbar","1733967990234984796","","duymps","in","","0","0","0","https://twitter.com/Sakerepmu2023/status/1733967990234984796","1729072196033916928","Sakerepmu2023"
"1733405469459599569","Sun Dec 10 21:42:10 +0000 2023","0","@msanysenda @ReksoGus @mclmemes @ARSIPAJA Saingan sama Anies Baswedan di Sumbar","1733965351648678286","","msanysenda","in","","0","0","0","https://twitter.com/AnakSarah1/status/1733965351648678286","1308779583680860160","AnakSarah1"
"1733703839780643055","Sun Dec 10 21:13:24 +0000 2023","0","@tvOneNews pak anies terbaik dehh emang","1733958114624586022","","tvOneNews","in","indonesia","0","0","0","https://twitter.com/davinlim_rt/status/1733958114624586022","1629312436703576065","davinlim_rt"
"1733728016982040796","Sun Dec 10 20:48:14 +0000 2023","0","@ch_chotimah2 @jokowi MANGKANYA PILIHLAH ANIES DAN CAK IMIN ORANG NYA BER PRESTASI AMANAH SIDIQ FATHANAH DAN INGIN INDONESIA MENUJU PERUBAHAN AGAR MASYARAKAT ADIL DAN MAKMUR SEJAHTERA.. #AniesMuhaimin2024 #AniesPresiden2024","1733951781594652783","","ch_chotimah2","in","Pasar Rebo, Indonesia","0","0","0","https://twitter.com/altauf2004/status/1733951781594652783","312416359","altauf2004"
"1733841464348811647","Sun Dec 10 20:44:16 +0000 2023","0","@PartaiSocmed Wah udah main serang serangan nih di buatkan 10 milyar .. taekk cook tum itu video sesaat saat genosida 2015 Anies masih jadi Mentri pendidikan guoblok @PartaiSocmed blokkkkk","1733950784604373100","","PartaiSocmed","in","","0","0","0","https://twitter.com/hanmusly/status/1733950784604373100","1654891811348025344","hanmusly"
"1733678714247098647","Sun Dec 10 20:04:14 +0000 2023","0","@tempodotco Anies Baswedan memberikan pesan positif bahwa pemberantasan korupsi harus menjadi prioritas utama bagi pemimpin dan pemerintah demi menciptakan Indonesia yang lebih adil dan bersih dari korupsi.","1733940708938322332","","tempodotco","in","Indonesia","0","0","0","https://twitter.com/elysizan/status/1733940708938322332","2920944450","elysizan"
"1733678714247098647","Sun Dec 10 20:02:24 +0000 2023","0","@tempodotco Anies Baswedan menunjukkan kepemimpinan yang bertanggung jawab dan jelas dalam menyuarakan tekadnya untuk memberantas korupsi dalam skala yang lebih besar.","1733940246214246603","","tempodotco","in","Indonesia","0","0","0","https://twitter.com/sebeelum/status/1733940246214246603","886925187907596292","sebeelum"
"1733678714247098647","Sun Dec 10 20:00:11 +0000 2023","0","@tempodotco Anies Baswedan terlihat berkomitmen untuk memberikan dukungan dan perlindungan hukum yang kuat bagi rakyat dari tindakan korupsi.","1733939690594861291","","tempodotco","in","Indonesia","0","0","0","https://twitter.com/wyolves/status/1733939690594861291","791447275566280704","wyolves"
"1733774858167947285","Sun Dec 10 15:01:16 +0000 2023","0","@tvOneNews Di acara Anies Imin bukan ni ?","1733864463093432748","","tvOneNews","in","Jkt","0","0","0","https://twitter.com/yyyyooooyypo/status/1733864463093432748","884930274823356416","yyyyooooyypo"
"1733261216943071608","Sun Dec 10 14:56:22 +0000 2023","0","@goraici @tvOneNews Mungkin padang nya berdomisi di kelurahan pondok ya ? Klw itu pastilah pilih PS tapi klw lain kelurahan yakin ambo akan pilih anies cak imin karena apa ? Karena terpenuhinya 3T..orang padang asli faham dia dengan 3T itu ! Klw tak faham artinya palsu padangnya...","1733863232732016738","","goraici","in","Pasaman, Indonesia","0","0","0","https://twitter.com/ajopidie/status/1733863232732016738","741112535055765504","ajopidie"
"1733736097325498621","Sun Dec 10 14:38:57 +0000 2023","0","@CNNIndonesia Sepertinya janji kampanye Anies tentang narasi kesetaraan keadilan perubahan itu sampai ke negeri Bangladesh dan didengar bangsa Rohingya dan mereka merasa Anies adalah penyelamat mereka. Klop.","1733858848438690027","","CNNIndonesia","in","Lumpur Lapindo","0","0","0","https://twitter.com/JohnnyTheBoyyyy/status/1733858848438690027","1100313703482716160","JohnnyTheBoyyyy"
"1733797172007915830","Sun Dec 10 14:38:36 +0000 2023","0","@DokterTifa @aniesbaswedan @jokowi @gibran_tweet foto jokowi wisuda bareng ortunya akan ditunjukkan kalo anda berhasil menunjukkan foto ayah anies baswedan wisuda didampingi kakek anies baswedan dan neneknya","1733858758382735416","","DokterTifa","in","di hati dan pikiranmu? ","0","0","0","https://twitter.com/LimDelaopan/status/1733858758382735416","1501720500560482309","LimDelaopan"
"1733568703483261337","Sun Dec 10 14:35:57 +0000 2023","0","@opposite6892 Kemrin sempat berpikir untuk GOLPUT.tpi sekrng Bismillahirrahmanirrahim semoga pak Anies Baswedan dan pak Muhaimin Iskandar Menang 1 putran.Aamiin.yra","1733858091316527163","","opposite6892","in","","0","0","0","https://twitter.com/Hanna90449968/status/1733858091316527163","1399688683721134084","Hanna90449968"
"1733837391490863314","Sun Dec 10 14:29:50 +0000 2023","1","@mbahjhojho @aniesbaswedan Kalo @aniesbaswedan dan teamnya pinter anda ga perlu repot-repot meyakinkan siapapun. Kegagalan Anies membaca situasi dan bertindak berdasar itu yg menyebabkan dia kehilangan momentum dan gagal menaikan elektabilitasnya. Anies gagal menciptakan narasi yg kuat dan mudah dicerna.","1733856553420435895","","mbahjhojho","in","","0","0","0","https://twitter.com/HH__ONE/status/1733856553420435895","1618016214768578560","HH__ONE"
"1733856403079807340","Sun Dec 10 14:29:14 +0000 2023","1","anjir lah lama2 gue kalo ditanya tipe cowo. gue jawab anies rasyid baswedan maaf pak gita wirjawan sedikit tersingkirkan","1733856403079807340","","","in","","0","1","0","https://twitter.com/amethystcil/status/1733856403079807340","770893837","amethystcil"
"1733443807189090389","Sun Dec 10 14:28:45 +0000 2023","0","@Mdy_Asmara1701 @aniesbaswedan Alhamdulillah 2024 aku pilih bpk Anies Baswedan","1733856281189105804","","Mdy_Asmara1701","in","","0","0","0","https://twitter.com/HamzahMak94975/status/1733856281189105804","1704888495863726080","HamzahMak94975"
"1733796338456985993","Sun Dec 10 14:28:13 +0000 2023","0","@aniesbaswedan 5 Alasan Anies Yohanes Rasyid BaswEDAN tidak mungkin jadi presiden.. . 1...Kadrun Imigran Yaman. 2...tidak punya rasa nasionalusme. 3...cuma pintar ngomong Pemberi Harapan Palsu. 4...didukung oleh kaum radikal pengusung khilafah. 5...NON PRIBUMI.","1733856147214684267","","aniesbaswedan","in","P Brandan","0","1","0","https://twitter.com/Marnischaniago2/status/1733856147214684267","1632044178262888458","Marnischaniago2"
"1733438167423033683","Sun Dec 10 14:25:40 +0000 2023","0","@gfrx_ @PartaiSocmed @fadil_mfr Penista agama yg standup diacara anies tp anies gada omongan apa2 kayaknya","1733855506748621221","","gfrx_","in","","0","0","0","https://twitter.com/MBM_three/status/1733855506748621221","229136132","MBM_three"
"1733778233534169550","Sun Dec 10 14:20:29 +0000 2023","0","@cakimiNOW Bersama Pak Anies Gus Imin majukan hukum dan pendidikan Indonesia","1733854198763282687","","cakimiNOW","in","","0","0","0","https://twitter.com/Shafiraadin/status/1733854198763282687","1716427921160806400","Shafiraadin"
"1733834643873698221","Sun Dec 10 14:19:31 +0000 2023","2","@aniesbaswedan Siap menjadi barisan penggerak Pak Anies dan Gus Imin","1733853955531416032","","aniesbaswedan","in","","0","0","0","https://twitter.com/Shafiraadin/status/1733853955531416032","1716427921160806400","Shafiraadin"
"1733852486681911308","Sun Dec 10 14:19:12 +0000 2023","0","@Tan_Mar3M pake emot ketawa.. tp nyesek slama anies jd gubernur. jualan demonisasi politik identitas sm mayat nenek hindun tp yg nyolatin org pks.","1733853876045115730","","Tan_Mar3M","in","","0","0","0","https://twitter.com/cikajang1278/status/1733853876045115730","1683681209619189760","cikajang1278"
"1733750937808970219","Sun Dec 10 14:14:06 +0000 2023","3","@Raden_Mas_Budi @ferizandra @kumparan 23 janji Anies di DKI sudah ditunaikan silahkan riset sendiri.","1733852595863875909","","Raden_Mas_Budi","in","022-0263-022","0","1","0","https://twitter.com/adiramdhanm/status/1733852595863875909","461182920","adiramdhanm"
"1733476140185223213","Sun Dec 10 14:00:53 +0000 2023","0","@Tan_Mar3M Asue tua ini sekarang dapat balasan nya dulu merasa paling hebat membaca puisi untuk menghina Bapak Anies Baswedan sekarang Asue tua ini dimakan sama peliharanya","1733849266773504458","","Tan_Mar3M","in","Papua New Guinea","0","0","0","https://twitter.com/MochFadzil7/status/1733849266773504458","1553942847581143040","MochFadzil7"
"1733795747362222323","Sun Dec 10 13:53:24 +0000 2023","0","@GhazaliIhwan Horeeee..PraGib selalu Menang pd Lembaga Survey..Semoga Pragib akan Menjadi Presiden &amp; Wakil Presiden Lembaga Survey. Tapi bukan di Indonesia yaa. INGAT TUUH. Cukup ANIES &amp; IMIN saja yg menjadi Presidem &amp; Wapres RI 2024. OK?! AMIN AJA DULU","1733847386664144935","","GhazaliIhwan","in","Bogor, Jawa Barat","0","0","0","https://twitter.com/carlitovito180/status/1733847386664144935","1637692626215501824","carlitovito180"
"1733846064686563502","Sun Dec 10 13:48:09 +0000 2023","0","Anies &amp; PKS kampanye di Jawa Sumatra Imin di Indonesia Tengah Paloh di Indonesia Timur @aniesbaswedan","1733846064686563502","","","in","","0","0","0","https://twitter.com/freddyridwan/status/1733846064686563502","1253610588011257857","freddyridwan"
"1733750951658618959","Sun Dec 10 13:47:33 +0000 2023","0","@RadjaRasta_ Mentang¬≤ Yaman anies ehh ketemu Imin klop jual agama tanpa punya ketuluan utk bangsa","1733845913565794613","","RadjaRasta_","in","","0","0","0","https://twitter.com/chiecha2616/status/1733845913565794613","1724638017191911424","chiecha2616"
"1733690513965142022","Sun Dec 10 13:47:22 +0000 2023","0","@BangPino__ Masya Allah semoga pak Anies Baswedan dan pak Muhaimin Iskandar menjadi the next presiden.Aamiin.yra.salam perubahan.Ô∏èÔ∏è","1733845867877355728","","BangPino__","in","","0","0","0","https://twitter.com/Hanna90449968/status/1733845867877355728","1399688683721134084","Hanna90449968"
"1733751037415297234","Sun Dec 10 13:35:56 +0000 2023","0","@Arti_SebuahRasa Komedi boleh tapi agama nggak pantas jadi bahan lelucon. Anies Baswedan ini malah keterlaluan banget!","1733842990035239259","","Arti_SebuahRasa","in","","0","0","0","https://twitter.com/azzahraaada/status/1733842990035239259","1729651398026178560","azzahraaada"
"1733751037415297234","Sun Dec 10 13:34:38 +0000 2023","0","@Arti_SebuahRasa Kalo komedi udah ngelewatin batas dan dilakukan di acara Anies Baswedan ya jelas keterlaluan. Jangan main-main dengan sensitivitas agama","1733842661034119422","","Arti_SebuahRasa","in","","0","0","0","https://twitter.com/CantikIp/status/1733842661034119422","1725674378594271232","CantikIp"
"1733839973550526858","Sun Dec 10 13:32:57 +0000 2023","0","@msaid_didu Kalau Anies terpilih Bapak layak Mentri ESDM..","1733842236226596923","","msaid_didu","in","","0","2","0","https://twitter.com/Imamnusantara45/status/1733842236226596923","1715376278386409473","Imamnusantara45"
"1733798976619737581","Sun Dec 10 13:26:38 +0000 2023","10","@BangPino__ Bukan dari Anies Baswedan tapi dari seluruh pembayar pajak warga Jakarta...luar biasa super sekali. Ada dikonoha bantuan negara dibilang dari pak lurah...","1733840649429168462","","BangPino__","in","","0","0","1","https://twitter.com/SigitNch/status/1733840649429168462","1663164260967673856","SigitNch"
"1733722563203956981","Sun Dec 10 13:26:06 +0000 2023","0","@PartaiSocmed Yang ga seneng Ama ga kepengen punya pemimpin berkualitas nomor Wahid seperti pak Anies masalah nya cuman 2 antara takut g makan alias takut kelaparan sama takut ga pegang jabatan lagi eh ada 1 lagi deh takut borok Nye ketauwan bisa masuk penjara ntar","1733840512824770900","","PartaiSocmed","in","DKI Jakarta, Indonesia","0","0","0","https://twitter.com/YuliusCh4ndr4/status/1733840512824770900","2725420850","YuliusCh4ndr4"
"1733832849047073076","Sun Dec 10 13:24:08 +0000 2023","3","@saidi_sudarsono Kllo bicara gagasan gagasan pa Anies masih katagori in the box gagasan di dlm akal waras Gagasan gibran menghilangkan stunting dgn mencukupi kebutuhan Asam Sulfat ibu hamil sy kira gagasan yg paling out the box belum pernah ada yg berfikir memberikan asam sulfat kpd ibu hamil","1733840018224173365","","saidi_sudarsono","in","","0","1","0","https://twitter.com/hdsambodo/status/1733840018224173365","2332613948","hdsambodo"
"1733795472052232499","Sun Dec 10 13:24:05 +0000 2023","3","@Malika6027 Subhanallah. Coba itu dengarkan. Pak anies berkata.. program kartu disabilitas ini bukan dari gubernur jakarta bukan dari anies baswedan. Tetapi dari pajak warga Jakarta. Mana ad pemimpin di Indonesia berkata demikian. Yg ada adalah dari saya. Dan jgn lupa nanti pilih sy lagi","1733840008547913748","","Malika6027","in","Indonesia","0","0","0","https://twitter.com/IwanPmana87/status/1733840008547913748","1651375445265514496","IwanPmana87"
"1733766458323206419","Sun Dec 10 13:15:27 +0000 2023","0","@Dennysiregar7 Cerita ngk mutu..ngk perlu di baca lah.. bntr lg Anies presiden.. mk kalian yg buzzer Provokator bakal terlibas dgn sendiri nya","1733837836057752040","","Dennysiregar7","in","","0","0","0","https://twitter.com/ahadnet392613/status/1733837836057752040","1682977897366298624","ahadnet392613"
"1733729148810744220","Sun Dec 10 13:15:21 +0000 2023","0","@Rangga_Capung @rajaiblizz @MuhadklyAcho Desak Anies Slepet Imin... Sebenarnya saya masih menunggu 02 dan 03 buat acara diskusi terbuka seperti ini. Bukan hanya jauh jauh datang cuma bicara 2menit tanpa ada isinya","1733837809881133294","","farmadd_","in","","0","1","0","https://twitter.com/alumni_fakboi/status/1733837809881133294","1276424622255206400","alumni_fakboi"
"1733756235797905530","Sun Dec 10 13:13:45 +0000 2023","0","@sami86pilang Dia yang bicara kok pak Anies yang disalahkan ga ada tanda bahwa disitu pak anies ngebela penghina nabi ini","1733837405193716030","","sami86pilang","in","","0","0","0","https://twitter.com/nanahazelia/status/1733837405193716030","1719554933450735616","nanahazelia"
"1733756235797905530","Sun Dec 10 13:09:18 +0000 2023","0","@sami86pilang Akun goblok aja bangga. Anies nya aja belum hadir pada saat stand up malah dikait-kaitkan. Goblok cukup sendiri aja jangan ngajak banyak orang","1733836285436174372","","sami86pilang","in","","0","0","0","https://twitter.com/longtaufik24/status/1733836285436174372","1702598428906405888","longtaufik24"
"1733487228226339013","Sun Dec 10 13:03:49 +0000 2023","0","@tvOneNews Tar ada berita mukidi masuk gorong2...lu jg nny Anies Baswedan kok diam...dasar media songong.","1733834907976434023","","tvOneNews","in","","0","0","0","https://twitter.com/Palupi025/status/1733834907976434023","1710145126906171392","Palupi025"
"1733517312047906869","Sun Dec 10 13:01:14 +0000 2023","0","@Muhammad_Saewad Pilih 1..Anies Baswedan Cak Imin","1733834256563294213","","Muhammad_Saewad","in","","0","0","0","https://twitter.com/Menangkan01/status/1733834256563294213","1730174547461287936","Menangkan01"
"1733408659236078015","Sun Dec 10 11:55:56 +0000 2023","0","@kompascom Pa Anies dan Cak Imin akan selalu menyebarkan kebaikan","1733817821447274653","","kompascom","in","Majalengka ","0","0","0","https://twitter.com/handaniyy76/status/1733817821447274653","1703468117337554944","handaniyy76"
"1733408659236078015","Sun Dec 10 11:55:51 +0000 2023","0","@kompascom Pa Anies dan Cak Imin akan membawa kedamaian","1733817802409283635","","kompascom","in","Majalengka ","0","0","0","https://twitter.com/handaniyy76/status/1733817802409283635","1703468117337554944","handaniyy76"
"1733408659236078015","Sun Dec 10 11:55:46 +0000 2023","0","@kompascom Pa Anies dan Cak Imin mempunyai pribadi yang berkualitas","1733817780980588759","","kompascom","in","Majalengka ","0","0","0","https://twitter.com/handaniyy76/status/1733817780980588759","1703468117337554944","handaniyy76"
"1733408659236078015","Sun Dec 10 11:55:35 +0000 2023","0","@kompascom Anies Baswedan dan Cak Imin selalu mempromosikan kebaikan dan keramahan dalam berpolitik.","1733817735061361040","","kompascom","in","Majalengka ","0","0","0","https://twitter.com/handaniyy76/status/1733817735061361040","1703468117337554944","handaniyy76"
"1733408659236078015","Sun Dec 10 11:55:28 +0000 2023","0","@kompascom Keramahan Anies Baswedan dan Cak Imin adalah anugerah bagi dunia politik kita.","1733817705915162639","","kompascom","in","Majalengka ","0","0","0","https://twitter.com/handaniyy76/status/1733817705915162639","1703468117337554944","handaniyy76"
"1733408659236078015","Sun Dec 10 11:54:35 +0000 2023","0","@kompascom Anies Baswedan punya semangat yang luar biasa untuk membawa perubahan.","1733817481838710894","","kompascom","in","Majalengka ","0","0","0","https://twitter.com/handaniyy76/status/1733817481838710894","1703468117337554944","handaniyy76"
"1733408659236078015","Sun Dec 10 11:54:22 +0000 2023","0","@kompascom Pak Anies Baswedan itu bener-bener inspiratif","1733817430093516837","","kompascom","in","Majalengka ","0","0","0","https://twitter.com/handaniyy76/status/1733817430093516837","1703468117337554944","handaniyy76"
"1733408659236078015","Sun Dec 10 11:54:08 +0000 2023","0","@kompascom Pak Anies Baswedan sosok yang siap tempur buat kebaikan kita semua.","1733817371226497063","","kompascom","in","Majalengka ","0","0","0","https://twitter.com/handaniyy76/status/1733817371226497063","1703468117337554944","handaniyy76"
"1733408659236078015","Sun Dec 10 11:54:04 +0000 2023","0","@kompascom Pak Anies Baswedan itu bener-bener punya hati untuk rakyatnya.","1733817352310095989","","kompascom","in","Majalengka ","0","0","0","https://twitter.com/handaniyy76/status/1733817352310095989","1703468117337554944","handaniyy76"
"1733729148810744220","Sun Dec 10 11:52:39 +0000 2023","1","@MuhadklyAcho setuju sih mayoritas uneducated gak aware politik dan belom masih ngangengong modal supermie sama susu kental manis udah cukup itulah kenapa anies pasti kalah ","1733816995647541498","","MuhadklyAcho","in","Jakarta Capital Region","0","0","0","https://twitter.com/jzij99/status/1733816995647541498","1177372977635028992","jzij99"
"1733408659236078015","Sun Dec 10 11:48:03 +0000 2023","0","@kompascom Pa Anies dan Cak Imin akan selalu menyebarkan kebaikan","1733815841408610415","","kompascom","in","","0","0","0","https://twitter.com/yono_iyyon/status/1733815841408610415","1703466460977500160","yono_iyyon"
"1733408659236078015","Sun Dec 10 11:47:59 +0000 2023","0","@kompascom Pa Anies dan Cak Imin akan membawa kedamaian","1733815822756491412","","kompascom","in","","0","0","0","https://twitter.com/yono_iyyon/status/1733815822756491412","1703466460977500160","yono_iyyon"
"1733408659236078015","Sun Dec 10 11:47:52 +0000 2023","0","@kompascom Pa Anies dan Cak Imin mempunyai pribadi yang berkualitas","1733815793216028800","","kompascom","in","","0","0","0","https://twitter.com/yono_iyyon/status/1733815793216028800","1703466460977500160","yono_iyyon"
"1733408659236078015","Sun Dec 10 11:47:43 +0000 2023","0","@kompascom Anies Baswedan dan Cak Imin selalu mempromosikan kebaikan dan keramahan dalam berpolitik.","1733815755421122669","","kompascom","in","","0","0","0","https://twitter.com/yono_iyyon/status/1733815755421122669","1703466460977500160","yono_iyyon"
"1733408659236078015","Sun Dec 10 11:47:38 +0000 2023","0","@kompascom Keramahan Anies Baswedan dan Cak Imin adalah anugerah bagi dunia politik kita.","1733815735099813956","","kompascom","in","","0","0","0","https://twitter.com/yono_iyyon/status/1733815735099813956","1703466460977500160","yono_iyyon"
"1733711088393568315","Sun Dec 10 11:46:26 +0000 2023","0","@OposisiCerdas Semangat relawan perubahan anies Baswedan Cak Imin untuk Indonesia Adil dan Makmur #AminAjaDulu","1733815431524470962","","OposisiCerdas","in","","0","0","0","https://twitter.com/arrrrrra146166/status/1733815431524470962","1715173290581655552","arrrrrra146166"
"1733408659236078015","Sun Dec 10 11:44:30 +0000 2023","0","@kompascom Anies Baswedan punya semangat yang luar biasa untuk membawa perubahan.","1733814944796381390","","kompascom","in","","0","0","0","https://twitter.com/yono_iyyon/status/1733814944796381390","1703466460977500160","yono_iyyon"
"1733408659236078015","Sun Dec 10 11:44:18 +0000 2023","0","@kompascom Pak Anies Baswedan itu bener-bener inspiratif","1733814894762557854","","kompascom","in","","0","0","0","https://twitter.com/yono_iyyon/status/1733814894762557854","1703466460977500160","yono_iyyon"
"1733408659236078015","Sun Dec 10 11:44:05 +0000 2023","0","@kompascom Pak Anies Baswedan sosok yang siap tempur buat kebaikan kita semua.","1733814840312189145","","kompascom","in","","0","0","0","https://twitter.com/yono_iyyon/status/1733814840312189145","1703466460977500160","yono_iyyon"
"1733408659236078015","Sun Dec 10 11:44:00 +0000 2023","0","@kompascom Pak Anies Baswedan itu bener-bener punya hati untuk rakyatnya.","1733814818883412252","","kompascom","in","","0","0","0","https://twitter.com/yono_iyyon/status/1733814818883412252","1703466460977500160","yono_iyyon"
"1733809299963699575","Sun Dec 10 11:43:42 +0000 2023","13","@IwanHer70299775 Gak ada anggap gitu kalo emang ada yg rancu ya kita ttp kritik walaupun itu kita pendukung Anies","1733814745403445534","","IwanHer70299775","in","","0","3","0","https://twitter.com/vaniepink/status/1733814745403445534","1016528521705881600","vaniepink"
"1733408659236078015","Sun Dec 10 11:43:20 +0000 2023","0","@kompascom Pa Anies dan Cak Imin akan selalu menyebarkan kebaikan","1733814652273095030","","kompascom","in","","0","0","0","https://twitter.com/par_sutinah/status/1733814652273095030","1703465663715786752","par_sutinah"
"1733408659236078015","Sun Dec 10 11:43:13 +0000 2023","0","@kompascom Pa Anies dan Cak Imin akan membawa kedamaian","1733814621856059877","","kompascom","in","","0","0","0","https://twitter.com/par_sutinah/status/1733814621856059877","1703465663715786752","par_sutinah"
"1733408659236078015","Sun Dec 10 11:43:09 +0000 2023","0","@kompascom Pa Anies dan Cak Imin mempunyai pribadi yang berkualitas","1733814604546162974","","kompascom","in","","0","0","0","https://twitter.com/par_sutinah/status/1733814604546162974","1703465663715786752","par_sutinah"
"1733408659236078015","Sun Dec 10 11:43:00 +0000 2023","0","@kompascom Anies Baswedan dan Cak Imin selalu mempromosikan kebaikan dan keramahan dalam berpolitik.","1733814567820836919","","kompascom","in","","0","0","0","https://twitter.com/par_sutinah/status/1733814567820836919","1703465663715786752","par_sutinah"
"1733408659236078015","Sun Dec 10 11:42:56 +0000 2023","0","@kompascom Keramahan Anies Baswedan dan Cak Imin adalah anugerah bagi dunia politik kita.","1733814549680402513","","kompascom","in","","0","0","0","https://twitter.com/par_sutinah/status/1733814549680402513","1703465663715786752","par_sutinah"
"1733408659236078015","Sun Dec 10 11:42:04 +0000 2023","0","@kompascom Anies Baswedan punya semangat yang luar biasa untuk membawa perubahan.","1733814332662972730","","kompascom","in","","0","0","0","https://twitter.com/par_sutinah/status/1733814332662972730","1703465663715786752","par_sutinah"
"1733408659236078015","Sun Dec 10 11:41:42 +0000 2023","0","@kompascom Pak Anies Baswedan itu bener-bener inspiratif","1733814240983896355","","kompascom","in","","0","0","0","https://twitter.com/par_sutinah/status/1733814240983896355","1703465663715786752","par_sutinah"
"1733408659236078015","Sun Dec 10 11:41:31 +0000 2023","0","@kompascom Pak Anies Baswedan sosok yang siap tempur buat kebaikan kita semua.","1733814195312058837","","kompascom","in","","0","0","0","https://twitter.com/par_sutinah/status/1733814195312058837","1703465663715786752","par_sutinah"
"1733408659236078015","Sun Dec 10 11:41:27 +0000 2023","0","@kompascom Pak Anies Baswedan itu bener-bener punya hati untuk rakyatnya.","1733814178941710547","","kompascom","in","","0","0","0","https://twitter.com/par_sutinah/status/1733814178941710547","1703465663715786752","par_sutinah"
"1733408659236078015","Sun Dec 10 11:41:01 +0000 2023","0","@kompascom Pa Anies dan Cak Imin akan selalu menyebarkan kebaikan","1733814067448697075","","kompascom","in","","0","0","0","https://twitter.com/RetnoRino/status/1733814067448697075","1703464899522043904","RetnoRino"
"1733408659236078015","Sun Dec 10 11:40:56 +0000 2023","0","@kompascom Pa Anies dan Cak Imin akan membawa kedamaian","1733814050352693333","","kompascom","in","","0","0","0","https://twitter.com/RetnoRino/status/1733814050352693333","1703464899522043904","RetnoRino"
"1733408659236078015","Sun Dec 10 11:40:52 +0000 2023","0","@kompascom Pa Anies dan Cak Imin mempunyai pribadi yang berkualitas","1733814031969083822","","kompascom","in","","0","0","0","https://twitter.com/RetnoRino/status/1733814031969083822","1703464899522043904","RetnoRino"
"1733408659236078015","Sun Dec 10 11:40:43 +0000 2023","0","@kompascom Anies Baswedan dan Cak Imin selalu mempromosikan kebaikan dan keramahan dalam berpolitik.","1733813992416772582","","kompascom","in","","0","0","0","https://twitter.com/RetnoRino/status/1733813992416772582","1703464899522043904","RetnoRino"
"1733408659236078015","Sun Dec 10 11:40:38 +0000 2023","0","@kompascom Keramahan Anies Baswedan dan Cak Imin adalah anugerah bagi dunia politik kita.","1733813971441103223","","kompascom","in","","0","0","0","https://twitter.com/RetnoRino/status/1733813971441103223","1703464899522043904","RetnoRino"
"1733813441234891016","Sun Dec 10 11:40:33 +0000 2023","0","@TheMaximvs09 meniru anies yang penting janji bombastis biar menang dulu soal bisa atau nggak EGP! ","1733813953833361666","","antiorba88","in","jakarta selatan","0","0","0","https://twitter.com/cinggaro/status/1733813953833361666","631705596","cinggaro"
"1733316038551543965","Sun Dec 10 11:40:18 +0000 2023","0","@Diana_fajarwati @PartaiSocmed @aniesbaswedan Bahkan sekelas Memed bisa kemakan hoax soal isu Anies terhadap Ronghiya","1733813889064976741","","Diana_fajarwati","in","East Java, Indonesia","0","0","0","https://twitter.com/vjromie/status/1733813889064976741","629454240","vjromie"
"1733408659236078015","Sun Dec 10 11:39:43 +0000 2023","0","@kompascom Anies Baswedan punya semangat yang luar biasa untuk membawa perubahan.","1733813744223059989","","kompascom","in","","0","0","0","https://twitter.com/RetnoRino/status/1733813744223059989","1703464899522043904","RetnoRino"
"1733408659236078015","Sun Dec 10 11:39:31 +0000 2023","0","@kompascom Pak Anies Baswedan itu bener-bener inspiratif","1733813692868022770","","kompascom","in","","0","0","0","https://twitter.com/RetnoRino/status/1733813692868022770","1703464899522043904","RetnoRino"
"1733751037415297234","Sun Dec 10 11:14:29 +0000 2023","0","@Arti_SebuahRasa cie cie Ganjaris lg nglucu kadang nuduh anies maen politik identitas y masa politik identitas dukung hina nabi. HAHAHAHAH","1733807393405087958","","Arti_SebuahRasa","in","","0","0","0","https://twitter.com/whatislifebroo/status/1733807393405087958","1183919998198149121","whatislifebroo"
"1733408659236078015","Sun Dec 10 11:09:01 +0000 2023","0","@kompascom Pa Anies dan Cak Imin akan membawa kedamaian","1733806018348679217","","kompascom","in","","0","0","0","https://twitter.com/DidinNasmi/status/1733806018348679217","1703462974298742784","DidinNasmi"
"1733408659236078015","Sun Dec 10 11:08:57 +0000 2023","0","@kompascom Pa Anies dan Cak Imin akan selalu menyebarkan kebaikan","1733805999063269521","","kompascom","in","","0","0","0","https://twitter.com/DidinNasmi/status/1733805999063269521","1703462974298742784","DidinNasmi"
"1733408659236078015","Sun Dec 10 11:08:51 +0000 2023","0","@kompascom Pa Anies dan Cak Imin mempunyai pribadi yang berkualitas","1733805976376197147","","kompascom","in","","0","0","0","https://twitter.com/DidinNasmi/status/1733805976376197147","1703462974298742784","DidinNasmi"
"1733729148810744220","Sun Dec 10 11:08:49 +0000 2023","0","@damarandiii @dekiikantata @MuhadklyAcho justru yg lebih banyak gerak untuk anies itu kayanya pks selanjutnya pkb. nasdem sendiri lebih banyak maksimalin untuk kampanye partainya sendiri","1733805967048130843","","damarandiii","in","","0","1","0","https://twitter.com/dijegaltakdir/status/1733805967048130843","395906961","dijegaltakdir"
"1733408659236078015","Sun Dec 10 11:08:40 +0000 2023","0","@kompascom Anies Baswedan dan Cak Imin selalu mempromosikan kebaikan dan keramahan dalam berpolitik.","1733805927206404166","","kompascom","in","","0","0","0","https://twitter.com/DidinNasmi/status/1733805927206404166","1703462974298742784","DidinNasmi"
"1733408659236078015","Sun Dec 10 11:08:34 +0000 2023","0","@kompascom Keramahan Anies Baswedan dan Cak Imin adalah anugerah bagi dunia politik kita.","1733805901235314794","","kompascom","in","","0","0","0","https://twitter.com/DidinNasmi/status/1733805901235314794","1703462974298742784","DidinNasmi"
"1733543080064950401","Sun Dec 10 11:08:14 +0000 2023","0","@bobby_risakotta Kalau kemampuan merangkai kata yang diutamakan pilih aja Anies Baswedan.","1733805817323999571","","bobby_risakotta","in","Indonesia","0","0","0","https://twitter.com/WimpieAriko/status/1733805817323999571","245160219","WimpieAriko"
"1733408659236078015","Sun Dec 10 11:07:39 +0000 2023","0","@kompascom Anies Baswedan punya semangat yang luar biasa untuk membawa perubahan.","1733805672125591799","","kompascom","in","","0","0","0","https://twitter.com/DidinNasmi/status/1733805672125591799","1703462974298742784","DidinNasmi"
"1733408659236078015","Sun Dec 10 11:07:25 +0000 2023","0","@kompascom Pak Anies Baswedan itu bener-bener inspiratif","1733805614080622785","","kompascom","in","","0","0","0","https://twitter.com/DidinNasmi/status/1733805614080622785","1703462974298742784","DidinNasmi"
"1733408659236078015","Sun Dec 10 11:07:12 +0000 2023","0","@kompascom Pak Anies Baswedan sosok yang siap tempur buat kebaikan kita semua.","1733805559101772277","","kompascom","in","","0","0","0","https://twitter.com/DidinNasmi/status/1733805559101772277","1703462974298742784","DidinNasmi"
"1733408659236078015","Sun Dec 10 11:07:07 +0000 2023","0","@kompascom Pak Anies Baswedan itu bener-bener punya hati untuk rakyatnya.","1733805536708358373","","kompascom","in","","0","0","0","https://twitter.com/DidinNasmi/status/1733805536708358373","1703462974298742784","DidinNasmi"
"1733517312047906869","Sun Dec 10 11:05:48 +0000 2023","0","@Muhammad_Saewad 1 (satu) pilih bapak anies dan cak imin Ô∏è","1733805204745957415","","Muhammad_Saewad","in","Bandung, Jawa Barat","0","0","0","https://twitter.com/Gina53855494/status/1733805204745957415","1323635036701159425","Gina53855494"
"1733796338456985993","Sun Dec 10 11:04:47 +0000 2023","1","@aniesbaswedan Masya Allah tabarakallah. Semoga doa dr org¬≤ sholeh dpt memuluskan perjuangan pak Anies dan Gus Imin menjadi pemimpin bangsa Indonesia. Amin ","1733804950529139184","","aniesbaswedan","in","","0","0","0","https://twitter.com/yandilaughtale/status/1733804950529139184","1697812455353917440","yandilaughtale"
"1733802668685230203","Sun Dec 10 11:03:07 +0000 2023","8","@BosPurwa @AimanWitjaksono malas liat bung muka &amp; namanya kalo bisa jngan bersilwran dimedsos...mending muka Anies Baswedan - Muhaimin Iskandar yg lwat di TL ku...","1733804531044245701","","BosPurwa","in","","0","0","0","https://twitter.com/olink1978/status/1733804531044245701","1075401814646743040","olink1978"
"1733663120600817782","Sun Dec 10 11:00:25 +0000 2023","0","@andre_rosiade Dari semua kontestasi Capres &amp; cawapres sudah kami analisa baik dari segi moral intellectual kompetensi hasil kinerja dan rekam jejaknya dari hasil analisa kami maka yg lebih layak dan kompetent untuk memimpin NKRI ke depannya adalah Mas ANIES &amp; Cak IMIN udah terbukti &amp; Real","1733803853215310228","","andre_rosiade","in","Central Borneo, Indonesia","0","0","0","https://twitter.com/Almuiz_Zona/status/1733803853215310228","276118347","Almuiz_Zona"
"1732051986437329313","Sun Dec 10 10:59:27 +0000 2023","0","@r57927 @AbunawasReturn Dari semua kontestasi Capres &amp; cawapres sudah kami analisa baik dari segi moral intellectual kompetensi hasil kinerja dan rekam jejaknya dari hasil analisa kami maka yg lebih layak dan kompetent untuk memimpin NKRI ke depannya adalah Mas ANIES &amp; Cak IMIN udah terbukti &amp; Real","1733803608716775715","","r57927","in","Central Borneo, Indonesia","0","0","0","https://twitter.com/Almuiz_Zona/status/1733803608716775715","276118347","Almuiz_Zona"
"1733378575167066606","Sun Dec 10 10:58:31 +0000 2023","1","@RidNgemil @mukidioon3 Fitnah sangat keji. Kami tidak disuruh tidak juga diminta untuk mendukung bapak Anies dan cak Imin. Kami rela daripada mendukung selain pak Anies yang seperti udara hampa...","1733803375291187667","","RidNgemil","in","west sumatera Indonesia","0","0","0","https://twitter.com/IwanSet11231581/status/1733803375291187667","1538516390633947136","IwanSet11231581"
"1733408659236078015","Sun Dec 10 10:57:49 +0000 2023","0","@kompascom Pa Anies dan Cak Imin akan selalu menyebarkan kebaikan","1733803197096173732","","kompascom","in","Cirebon Barat, Indonesia","0","0","0","https://twitter.com/narginah7/status/1733803197096173732","1703460697135521792","narginah7"
"1733408659236078015","Sun Dec 10 10:57:44 +0000 2023","0","@kompascom Pa Anies dan Cak Imin akan membawa kedamaian","1733803175835308363","","kompascom","in","Cirebon Barat, Indonesia","0","0","0","https://twitter.com/narginah7/status/1733803175835308363","1703460697135521792","narginah7"
"1733408659236078015","Sun Dec 10 10:57:39 +0000 2023","0","@kompascom Pa Anies dan Cak Imin mempunyai pribadi yang berkualitas","1733803154272321808","","kompascom","in","Cirebon Barat, Indonesia","0","0","0","https://twitter.com/narginah7/status/1733803154272321808","1703460697135521792","narginah7"
"1733408659236078015","Sun Dec 10 10:57:28 +0000 2023","0","@kompascom Anies Baswedan dan Cak Imin selalu mempromosikan kebaikan dan keramahan dalam berpolitik.","1733803108986462569","","kompascom","in","Cirebon Barat, Indonesia","0","0","0","https://twitter.com/narginah7/status/1733803108986462569","1703460697135521792","narginah7"
"1733408659236078015","Sun Dec 10 10:57:23 +0000 2023","0","@kompascom Keramahan Anies Baswedan dan Cak Imin adalah anugerah bagi dunia politik kita.","1733803086890897912","","kompascom","in","Cirebon Barat, Indonesia","0","0","0","https://twitter.com/narginah7/status/1733803086890897912","1703460697135521792","narginah7"
"1733408659236078015","Sun Dec 10 10:56:24 +0000 2023","0","@kompascom Anies Baswedan punya semangat yang luar biasa untuk membawa perubahan.","1733802839154327764","","kompascom","in","Cirebon Barat, Indonesia","0","0","0","https://twitter.com/narginah7/status/1733802839154327764","1703460697135521792","narginah7"
"1733408659236078015","Sun Dec 10 10:56:11 +0000 2023","0","@kompascom Pak Anies Baswedan itu bener-bener inspiratif","1733802785647505787","","kompascom","in","Cirebon Barat, Indonesia","0","0","0","https://twitter.com/narginah7/status/1733802785647505787","1703460697135521792","narginah7"
"1733408659236078015","Sun Dec 10 10:55:58 +0000 2023","0","@kompascom Pak Anies Baswedan sosok yang siap tempur buat kebaikan kita semua.","1733802732212072857","","kompascom","in","Cirebon Barat, Indonesia","0","0","0","https://twitter.com/narginah7/status/1733802732212072857","1703460697135521792","narginah7"
"1733408659236078015","Sun Dec 10 10:55:54 +0000 2023","0","@kompascom Pak Anies Baswedan itu bener-bener punya hati untuk rakyatnya.","1733802715174842733","","kompascom","in","Cirebon Barat, Indonesia","0","0","0","https://twitter.com/narginah7/status/1733802715174842733","1703460697135521792","narginah7"
"1733796387060613588","Sun Dec 10 10:49:30 +0000 2023","3","@Tan_Mar3M Karena sesungguhnya mereka meyakini bahwa pemdukung Anies Baswedan adalah yang TERBANYAK. Jadi mainan judul biar viewernya banyak. Isinya yg betul hasil survey PS stag GP menurun ARB pemenang Ô∏è","1733801106357293371","","Tan_Mar3M","in","Awantimanu, Ghana","0","0","0","https://twitter.com/Radjahoki_pro/status/1733801106357293371","303620172","Radjahoki_pro"
"1733136546168205779","Sun Dec 10 10:45:43 +0000 2023","1","@ventaramanda @pandji Duh si anies sama imin ini besok besok nonton dulu lah film nya biar paham itu alat apa dan fungsinya apa kalo kaya gini keliatan aneh","1733800150731202864","","ventaramanda","in","","0","1","0","https://twitter.com/bangzainul_haq/status/1733800150731202864","1730801941746446336","bangzainul_haq"
"1733799442971865238","Sun Dec 10 10:42:54 +0000 2023","0","Yuk mari kita dukung Capres nomor urut 1 Anies Baswedan untuk membawa perubahan positif bagi Indonesia! Bersama-sama kita bisa menciptakan masa depan yang lebih baik.","1733799442971865238","","","in","Bandung, Indonesia","0","0","0","https://twitter.com/fikrijeff_/status/1733799442971865238","1647851971846733826","fikrijeff_"
"1733663120600817782","Sun Dec 10 10:40:07 +0000 2023","0","@andre_rosiade Bismillah ... AM1N. Saatnya Pak Guru Anies jadi Presiden dan Santri Cak Imin jadi wakilnya. AM1N...","1733798743777189982","","andre_rosiade","in","","0","0","0","https://twitter.com/aleyanda7773/status/1733798743777189982","3099712939","aleyanda7773"
"1733378575167066606","Sun Dec 10 10:38:39 +0000 2023","0","@RidNgemil Xixixiii si om jadi kena semprot nitijen padahal om nya bener pendukung anies sdh Di DP dgn Insyallah HARAPAN DAN KEYAKINAN krn beliau org jujur dan selalu tepat janji .... #AminPalingSiapUntukIndonesia .... thank u om @RidNgemil ","1733798372786704806","","RidNgemil","in","","0","0","0","https://twitter.com/ur_comrades/status/1733798372786704806","1441761588038410240","ur_comrades"
"1733493491991544069","Sun Dec 10 10:37:04 +0000 2023","0","@_Si_Bee Munkin niat dia ingin kayak waktu pilkada dki... mnghina agama.. Biar pak anies di katakan politik identitas lagi.","1733797975762362539","","Si_Bee_","in","","0","0","0","https://twitter.com/JaluAbdijalata/status/1733797975762362539","1685191707053420544","JaluAbdijalata"
"1733703839780643055","Sun Dec 10 10:34:27 +0000 2023","0","@tvOneNews Semoga selalu sehat Pak Anies dan Cak Imin ","1733797317705363921","","tvOneNews","in","","0","0","0","https://twitter.com/baymaaks/status/1733797317705363921","1254913683416690688","baymaaks"
"1733136546168205779","Sun Dec 10 10:24:37 +0000 2023","0","@IndieManza78646 @ventaramanda @pandji Ya memang seperti itu lawannya anies ya pasangannya sendiri","1733794844156547104","","IndieManza78646","in","","0","0","0","https://twitter.com/rahayudiannisa/status/1733794844156547104","1729481003687976960","rahayudiannisa"
"1733793927034224820","Sun Dec 10 10:20:59 +0000 2023","0","konstruksi seperti Bapak Joko Widodo Bapak Basuki Tjahaja Purnama dan Ibu Anies Baswedan. Mereka akan berbagi pengalaman dan wawasan tentang bagaimana transformasi digital dapat mengubah cara kerja dalam industri konstruksi.","1733793927034224820","","","in","","0","0","0","https://twitter.com/RaydeenImka/status/1733793927034224820","1505550872876441607","RaydeenImka"
"1733136546168205779","Sun Dec 10 10:18:54 +0000 2023","0","@ventaramanda @pandji emang gak jelas. apaan dah anies imin ini.","1733793403195006986","","ventaramanda","in","Jkt89","0","0","0","https://twitter.com/HadiYuke/status/1733793403195006986","1704364666938671104","HadiYuke"
"1733136546168205779","Sun Dec 10 10:18:08 +0000 2023","0","@IlianaWalz280 @ventaramanda @pandji Lawannya anies ya pasangannya sendiri wkwk","1733793211997667565","","IlianaWalz280","in","","0","0","0","https://twitter.com/sekput12/status/1733793211997667565","1729136320696795136","sekput12"
"1733136546168205779","Sun Dec 10 10:14:03 +0000 2023","0","@ArlenYatari @ventaramanda @pandji ntahlah. mungkin timnasnya bingung harus di apain ini si penipu anies imin. gak jelas trus ilang","1733792182463787389","","ArlenYatari","in","","0","0","0","https://twitter.com/TeguhJatmi18028/status/1733792182463787389","1728770724771614720","TeguhJatmi18028"
"1733775758471102866","Sun Dec 10 10:09:41 +0000 2023","0","@Pakamkalam @Tan_Mar3M @gibran_tweet Lha wong bapak dlm video itu bisa jd presiden periode 1 salah 1 nya sumbangsih p3ncitraan yg dilakukan Anies saat jd junir dl. Omongane anies saat itu empuk manis mengayun indah. Pas saat jd presiden trnyata tdk sesuai yg di citrakan anies. Brrt yg nipu siapa mas? Ô∏è","1733791085695221892","","Pakamkalam","in","","0","1","0","https://twitter.com/Tjel0up/status/1733791085695221892","881504623072133120","Tjel0up"
"1733718239480565932","Sun Dec 10 09:42:38 +0000 2023","0","@Metro_TV @aniesbaswedan Nah ini Anies ngawur......dari sepuluh survey yg meleset hanya sekali...itu wajar saja....jadi jgn ragukan lembaga survey..kalau hasil survey nya tdk sesuai dengan prediksi sendiri...kalau menilai dukungan hanya dari org yg datang ke lapangan .itu sangat keliru banget cara pikir","1733784278411231307","","Metro_TV","in","","0","1","0","https://twitter.com/reincarnasi2/status/1733784278411231307","1604345001307426817","reincarnasi2"
"1733408659236078015","Sun Dec 10 09:39:22 +0000 2023","0","@kompascom Luar biasa Anies Baswedan adalah Pemimpin yang sangat luarbiasa ia Siap Mengubah Indonesia ke Arah yang Lebih Baik. Semangat terus pak ","1733783457179082958","","kompascom","in","","0","0","0","https://twitter.com/Endervate/status/1733783457179082958","1693779780959879168","Endervate"
"1733761517655601308","Sun Dec 10 09:29:32 +0000 2023","18","@DokterTifa Masalah terbesar di Indonesia banyak orang pintar di teori d mulut tapi prakteknya nol seperti Anies salah satunya bicara sampai ke angkasa tapi prakteknya hanya di dasar bumi","1733780979658203507","","DokterTifa","in","","2","17","1","https://twitter.com/Dedi53238295/status/1733780979658203507","1265882848751349762","Dedi53238295"
"1733722326624264243","Sun Dec 10 09:27:56 +0000 2023","19","@BosPurwa Oh makanya pas Anies jadi gubernur DKI PSI paling vokal kritik semua kebijakan ANIES ternyata oh ternyata ","1733780578540126255","","BosPurwa","in","","0","0","0","https://twitter.com/rochmanalex3/status/1733780578540126255","1490646477416251395","rochmanalex3"
"1733383372855218662","Sun Dec 10 09:27:48 +0000 2023","0","@kompascom Saya pilih pak Anies Baswedan","1733780543370854453","","kompascom","in","Cirebon, Jawa Barat","0","0","0","https://twitter.com/syaefi_ahmad/status/1733780543370854453","721067313177309184","syaefi_ahmad"
"1733442331762934022","Sun Dec 10 09:26:26 +0000 2023","0","@UAzzubaidi @CetakBalikpapan Ranah progrm ekskutif itu brkaitan jg dngn legislatif anies di jkarta di dprd yg pro cuma gerindra &amp; pks slbhny oposisi jd pngjuan program blm tentu semua goal utk anggaran shingga tdk bs eksekusi beda dgn nasional dmn presiden pegang kendali bnyk partai di dpr cuma 2 oposisi","1733780201165951107","","UAzzubaidi","in","","0","0","0","https://twitter.com/NikoNugrah84413/status/1733780201165951107","1662853586785828864","NikoNugrah84413"
"1733657419518201966","Sun Dec 10 09:22:48 +0000 2023","0","@VIVAcoid Terharu disambut dengan meriah. Kehadirannya selalu ditunggu yaitu pak Anies Baswedan. #AniesMuhaimin2024 #AMINAjaDulu","1733779284387590466","","VIVAcoid","in","Medan","0","0","0","https://twitter.com/anak_lad/status/1733779284387590466","1635098854306775041","anak_lad"
"1733774610532020324","Sun Dec 10 09:21:39 +0000 2023","2","@Tjel0up Pendukung Anies sdh lama sadar bahkan seblm Anies sadar bhw dia jd jubir penipu jd tdk perlu disadarkan... Yg perlu disadarkan org2 yg br gabung dgn penipunya.... Tujuan anda sdh sangat jelas kok mau nuduh Anies makanya sy kembalikan pd anda omongan anda sendiri mas ..Ô∏è","1733778997048205812","","Tjel0up","in","","1","1","0","https://twitter.com/sospolkw/status/1733778997048205812","1239950381536305153","sospolkw"
"1733481606143451492","Sun Dec 10 09:16:47 +0000 2023","0","@Metro_TV @aniesbaswedan Tidak perlu umbar janji yang penting tindakan tertepati itu adala pak anies","1733777771363701178","","Metro_TV","in","","0","0","0","https://twitter.com/derisanjayabr/status/1733777771363701178","1729739218392670208","derisanjayabr"
"1733481606143451492","Sun Dec 10 09:15:44 +0000 2023","0","@Metro_TV @aniesbaswedan Saya anak muda saya percaya pada pak Anies Baswedan","1733777506141110697","","Metro_TV","in","","0","0","0","https://twitter.com/Redrinee_/status/1733777506141110697","1723682990390489088","Redrinee_"
"1733611921960747361","Sun Dec 10 09:09:01 +0000 2023","0","@kidal70 Rekam jejak Anies di DKI yg saya lihat sendiri dan untuk persatuan warga negara yg tercermin dari Anies Muhaimin. Gagasan untuk perubahan juga sangat jelas dan masuk akal juga berkeadilan seperti yg sudah dilakukan di DKI.","1733775819045216542","","kidal70","in","Tangerang, Banten","0","1","0","https://twitter.com/RoyRojaya/status/1733775819045216542","1462352173384159233","RoyRojaya"
"1732951208334402015","Sun Dec 10 09:08:58 +0000 2023","0","@andre_rosiade Cukup pilpres yg lalu aja kami dikhianati sekarang pilihan kami udah jelas Anies cak Imin","1733775803278848445","","andre_rosiade","in","","0","0","0","https://twitter.com/ArtDafka/status/1733775803278848445","1433377663612166144","ArtDafka"
"1733418293283979294","Sun Dec 10 09:02:34 +0000 2023","0","@s_mohode @geloraco Tujuannya agar Anies baswedan gak jadi presiden RI Th 2024.","1733774194222284955","","s_mohode","in","","0","0","0","https://twitter.com/suharnogareng/status/1733774194222284955","3071376732","suharnogareng"
"1733765565171511804","Sun Dec 10 08:56:20 +0000 2023","3","@sandiuno Pilih Pak Anies Baswedan Ô∏è","1733772627385422139","","sandiuno","in","","0","1","0","https://twitter.com/Mentari00/status/1733772627385422139","39951567","Mentari00"
"1733771990375547323","Sun Dec 10 08:53:49 +0000 2023","0","Bisa dipastikan hampir 100% Paslon Anies Baswedan - Muhaimin Iskandar tidak pernah menggunakan metode survey untuk menentukan kemenangan diawal kepada masyarakat.","1733771990375547323","","","in","Bandung","0","0","0","https://twitter.com/ichsany/status/1733771990375547323","76622634","ichsany"
"1733719225469137274","Sun Dec 10 08:50:29 +0000 2023","2","@PartaiSocmed @cakimiNOW Sumpah gw yang awam politik menurut gw pasangan anies imin emang harus tersingkir di putaran 1 terlalu banyak isu negatif dan apalagi pendukungnya kaum radikal semua kasian non muslim di negeri ini","1733771154673054111","","PartaiSocmed","in","Solana Beach, CA","0","6","0","https://twitter.com/Ox_Kaizen/status/1733771154673054111","1652800220798029825","Ox_Kaizen"
"1733769194926407861","Sun Dec 10 08:42:42 +0000 2023","1","Saya menyatakan dukungan terhadap Anies Imin Amin 1 @aniesbaswedan","1733769194926407861","","","in","","0","0","0","https://twitter.com/MuhRachmat8/status/1733769194926407861","1023253292518764544","MuhRachmat8"
"1733646052790816830","Sun Dec 10 08:37:43 +0000 2023","0","@hasyimmah Rumus yg sama dong proyeksikan buat Anies Imin idolamu. Pls...waktu dan kesempatan.","1733767941660045424","","hasyimmah","in","","0","0","0","https://twitter.com/EmilianoBuena/status/1733767941660045424","982930394155646978","EmilianoBuena"
